position,person,personID,start,end,gender,DOB,DOD,image,enwiki
President,Árpád Göncz,Q102200,1990-05-02,2000-08-04,male,1922-02-10,2015-10-06,GönczÁrpád.jpg,Árpád Göncz
President,Ferenc Mádl,Q205642,2000-08-04,2005-08-05,male,1931-01-29,2011-05-29,Ferenc Mádl.jpg,Ferenc Mádl
President,László Sólyom,Q152335,2005-08-05,2010-08-05,male,1942-01-03,,László Sólyom.jpg,László Sólyom
President,Pál Schmitt,Q184810,2010-08-06,2012-04-02,male,1942-05-13,,SchmittPal-2011-01 EuropaPont.jpg,Pál Schmitt
President,László Kövér,Q465476,2012-04-02,2012-05-09,male,1959-12-29,,László Kövér Senate of Poland 01.JPG,László Kövér
President,János Áder,Q57467,2012-05-10,2017-05-09,male,1959-05-09,,János Áder no Brasil.jpg,János Áder
President,János Áder,Q57467,2017-05-10,2022-05-09,male,1959-05-09,,János Áder no Brasil.jpg,János Áder
President,Katalin Novák,Q21995345,2022-05-10,,female,1977-09-06,,Katalin Novák in 2017 (cropped).jpg,Katalin Novák
Prime Minister,Viktor Orbán,Q57641,1998-07-08,2002-05-27,male,1963-05-31,,Viktor Orbán 2022.jpg,Viktor Orbán
Prime Minister,Péter Medgyessy,Q156487,2002-05-27,2004-09-29,male,1942-10-19,,Medgyessy in August 2014 (cropped).JPG,Péter Medgyessy
Prime Minister,Ferenc Gyurcsány,Q191337,2004-09-29,2009-04-14,male,1961-06-04,,Ferenc Gyurcsány-2.jpg,Ferenc Gyurcsány
Prime Minister,Gordon Bajnai,Q57595,2009-04-14,2010-05-29,male,1968-03-05,,Bajnai Halásztelek.JPG,Gordon Bajnai
Prime Minister,Viktor Orbán,Q57641,2010-05-29,,male,1963-05-31,,Viktor Orbán 2022.jpg,Viktor Orbán
Deputy Prime Minister,Zsolt Semjén,Q55574,2010-06-01,2018-05-18,male,1962-08-08,,Zsolt Semjén 2019.jpg,Zsolt Semjén
"Deputy Prime Minister for National Policy, Church Affairs and National Minorities",Zsolt Semjén,Q55574,2018-05-18,,male,1962-08-08,,Zsolt Semjén 2019.jpg,Zsolt Semjén
"Deputy Prime Minister for National Policy, Church Affairs and National Minorities",Zsolt Semjén,Q55574,2018-05-18,2022-05-23,male,1962-08-08,,Zsolt Semjén 2019.jpg,Zsolt Semjén
Minister of Agriculture,József Torgyán,Q768978,1998-07-08,2001-02-15,male,1932-11-16,2017-01-22,Torgyán József - 2016 (crop).jpg,József Torgyán
Minister of Agriculture,Sándor Fazekas,Q549568,2010-05-29,2018-05-18,male,1963-05-03,,Fazekas Sándor portrait.jpg,Sándor Fazekas
Minister of Agriculture,István Nagy,Q16197131,2018-05-18,,male,1967-10-06,,Nagy István (agrármérnök).jpg,"István Nagy (politician, born 1967)"
Minister of Civilian Intelligence Services,László Kövér,Q465476,1998-07-08,2000-05-02,male,1959-12-29,,László Kövér Senate of Poland 01.JPG,László Kövér
Minister of Civilian Intelligence Services,Ervin Demeter,Q661571,2000-05-03,2002-05-27,male,1954-12-21,,Demeter Ervin.JPG,Ervin Demeter
Minister of Civilian Intelligence Services,György Szilvásy,Q1298408,2007-07-01,2009-04-15,male,1958-04-29,,,György Szilvásy
Minister of Civilian Intelligence Services,Ádám Ficsor,Q1001178,2009-04-16,2009-09-13,male,1980-06-17,,,Ádám Ficsor
Minister of Civilian Intelligence Services,Gábor Juhász,Q384205,2009-09-17,2010-05-29,male,1963-07-14,,,Gábor Juhász
Minister of Construction and Investment,János Lázár,Q750646,2022-05-24,,male,1975-02-19,,Lázár János 2 cropped.jpg,János Lázár
Minister of Culture and Innovation,János Csák,Q56392311,2022-05,,male,1962-10-15,,Csák János (3).jpg,János Csák
Minister of Defence,János Szabó,Q782150,1998-07-08,2002-05-26,male,1941-06-01,,Szabó János FKgP (crop).jpg,János Szabó (Minister of Defence)
Minister of Defence,Ferenc Juhász,Q843149,2002-05-27,2006-06-09,male,1960-07-06,,Juhász Ferenc 2005.jpg,Ferenc Juhász (politician)
Minister of Defence,Imre Szekeres,Q676268,2006-06-09,2010-05-29,male,1950-09-09,,Imre Szekeres 070426-D-9880W-014 0VWWF.jpg,Imre Szekeres
Minister of Defence,Csaba Hende,Q220909,2010-05-29,2015-09-07,male,1960-02-05,,Hende-Csaba Portrait.jpg,Csaba Hende
Minister of Defence,István Simicskó,Q1288461,2015-09-10,2018-05-18,male,1961-11-29,,Simicskó István (KDNP).jpg,István Simicskó
Minister of Defence,Tibor Benkő,Q793043,2018-05-18,2022-05-24,male,1955-10-16,,Benkő Tibor vezérezredes.jpg,Tibor Benkő (military officer)
Minister of Defence,Kristóf Szalay-Bobrovniczky,Q66813321,2022-05-24,,male,1970-06-06,,,Kristóf Szalay-Bobrovniczky
Minister of Economy,György Matolcsy,Q220286,2000-01-01,2002-05-27,male,1955-07-18,,Matolcsy-György Portrait.jpg,György Matolcsy
Minister of Economy and Transport,István Csillag,Q15298574,2002-05-27,2004-09-30,male,1951-06-18,,,
Minister of Economy and Transport,János Kóka,Q614901,2006-06-09,2007-12-03,male,1972-07-05,,Dr. János Kóka.jpg,János Kóka
Minister of Economy and Transport,Csaba Kákosy,Q1122771,2007-12-03,2008-04-30,male,1969-07-04,,,
Minister of Economy and Transport,István Varga,Q1401718,2009-04-29,2010-05-29,male,1956-06-23,,,"István Varga (politician, born 1956)"
Minister of Education,József Pálinkás,Q964353,2001-07-16,2002-05-27,male,1952-09-18,,PalinkasFotoThalerTamas.jpg,József Pálinkás
Minister of Education,Bálint Magyar,Q1161847,2002-05-27,2006-06-09,male,1952-11-15,,Magyar Bálint.jpg,Bálint Magyar
Minister of Environmental Protection and Water Management,Mária Kóródi,Q20480699,2002-05-27,2003-05-18,female,1950-07-30,,,
Minister of Environmental Protection and Water Management,Miklós Persányi,Q1233053,2003-05-19,2007-05-06,male,1950-11-10,,,
Minister of Environmental Protection and Water Management,Gábor Fodor,Q1002295,2007-05-07,2008-04-30,male,1962-09-27,,Gabor Fodor.jpg,Gábor Fodor (politician)
Minister of Finance,Zsigmond Járai,Q221841,1998-07-08,2000-12-31,male,1951-12-29,,,Zsigmond Járai
Minister of Finance,Mihály Varga,Q1401791,2001-01-01,2002-05-26,male,1965-01-26,,Varga Mihály portréja.jpg,Mihály Varga
Minister of Finance,Csaba László,Q1160228,2002-05-27,2004-02-15,male,1962-10-04,,,Csaba László (politician)
Minister of Finance,Tibor Draskovics,Q909672,2004-02-16,2005-04-24,male,1955-06-26,,,Tibor Draskovics
Minister of Finance,János Veres,Q1421019,2005-04-25,2009-04-20,male,1957-02-05,,Veres János 2008-12-13.jpg,János Veres
Minister of Finance,Péter Oszkó,Q1226737,2009-04-16,2010-05-29,male,1973-03-22,,OszkoPeter.jpg,Péter Oszkó
Minister of Foreign Affairs,János Martonyi,Q58190,1998-07-08,2002-05-26,male,1944-04-05,,Martonyi-János Portrait.jpg,János Martonyi
Minister of Foreign Affairs,László Kovács,Q345634,2002-05-27,2004-11-01,male,1939-07-03,,KovácsLászló2014.JPG,László Kovács (politician)
Minister of Foreign Affairs,Ferenc Somogyi,Q719381,2004-11-01,2006-06-09,male,1945-09-01,,Somogyi USA.jpg,Ferenc Somogyi
Minister of Foreign Affairs,Kinga Göncz,Q266208,2006-06-09,2009-04-16,female,1947-11-08,,Kinga Göncz Senate of Poland.JPG,Kinga Göncz
Minister of Foreign Affairs,Péter Balázs,Q550142,2009-04-16,2010-05-29,male,1941-12-05,,"Péter Balázs, 2009.jpg",Péter Balázs
Minister of Foreign Affairs,János Martonyi,Q58190,2010-05-29,2014-06-05,male,1944-04-05,,Martonyi-János Portrait.jpg,János Martonyi
Minister of Foreign Affairs,Tibor Navracsics,Q832221,2014-06-06,2014-09-22,male,1966-06-13,,Navracsics Tibor Portrait.jpg,Tibor Navracsics
Minister of Foreign Affairs,Péter Szijjártó,Q685293,2014-09-23,,male,1978-10-30,,Péter Szijjártó - Hungarian Minister of Foreign Affairs and Trade (44613275674) (cropped).jpg,Péter Szijjártó
Minister of Foreign Affairs,Péter Szijjártó,Q685293,2014-09-23,2018-05-18,male,1978-10-30,,Péter Szijjártó - Hungarian Minister of Foreign Affairs and Trade (44613275674) (cropped).jpg,Péter Szijjártó
Minister of Foreign Affairs,Péter Szijjártó,Q685293,2014-09-23,2022-05-23,male,1978-10-30,,Péter Szijjártó - Hungarian Minister of Foreign Affairs and Trade (44613275674) (cropped).jpg,Péter Szijjártó
Minister of Health,Racz Jeno,Q56391532,2004-10-21,2006-06-08,male,1953-07-18,,,
Minister of Health,Lajos Molnár,Q1178692,2006-06-09,2007-04-06,male,1946-10-13,2015-03-23,,Lajos Molnár
Minister of Health,János Kóka,Q614901,2007-04-06,2007-04-22,male,1972-07-05,,Dr. János Kóka.jpg,János Kóka
Minister of Health,Ágnes Horváth,Q1055662,2007-04-23,2008-04-30,female,1973-09-11,,,
Minister of Health,Tamás Székely,Q1302191,2008-05-05,2010-05-29,male,1955-09-11,,,
Minister of Human Capacities,Miklós Réthelyi,Q612350,2010-05-29,2012-05-13,male,1939-06-08,,RethelyiMiklosFotoThalerTamas.JPG,Miklós Réthelyi
Minister of Human Capacities,Zoltán Balog,Q218882,2012-05-14,2018-05-18,male,1958-01-07,,"Zoltán Balog, Unkarin kulttuuriministeri IMG 0596 C.JPG",Zoltán Balog (politician)
Minister of Human Capacities,Miklós Kásler,Q23925538,2018-05-18,2022-05-24,male,1950-03-01,,KaslerMiklosFotoThalerTamas.jpg,Miklós Kásler
Minister of Interior,Sándor Pintér,Q549589,1998-07-08,2002-05-27,male,1948-07-03,,Sándor Pintér-064.jpg,Sándor Pintér
Minister of Interior,Mónika Lamperth,Q976803,2002-05-27,2006-06-09,female,1957-09-05,,,Mónika Lamperth
Minister of Interior,Imre Forgács,Q1002913,2009-12-15,2010-05-29,male,1949-04-09,,,Imre Forgács
Minister of Interior,Sándor Pintér,Q549589,2010-05-29,,male,1948-07-03,,Sándor Pintér-064.jpg,Sándor Pintér
Minister of Interior,Sándor Pintér,Q549589,2010-05-29,2014-06-06,male,1948-07-03,,Sándor Pintér-064.jpg,Sándor Pintér
Minister of Interior,Sándor Pintér,Q549589,2010-05-29,2018-05-18,male,1948-07-03,,Sándor Pintér-064.jpg,Sándor Pintér
Minister of Interior,Sándor Pintér,Q549589,2010-05-29,2022-05-23,male,1948-07-03,,Sándor Pintér-064.jpg,Sándor Pintér
Minister of Justice,Ibolya Dávid,Q912658,1998-07-07,2002-05-26,female,1954-08-12,,Dávid Ibolya (2).jpg,Ibolya Dávid
Minister of Justice,Péter Bárándy,Q679451,2002-05-27,2004-10-03,male,1949-06-12,,,Péter Bárándy
Minister of Justice,József Petrétei,Q1234150,2004-10-04,2006-06-08,male,1958-10-10,,,József Petrétei
Minister of Justice,Tibor Navracsics,Q832221,2010-05-29,2014-06-06,male,1966-06-13,,Navracsics Tibor Portrait.jpg,Tibor Navracsics
Minister of Justice,László Trócsányi,Q1324589,2014-06-06,2019-06-30,male,1956-03-06,,Trócsányi László EU2016 SK.jpg,László Trócsányi
Minister of Justice,Judit Varga,Q63224253,2019-07-12,,female,1980-09-10,,Varga Judit 2020 wikipedia.jpg,Judit Varga (politician)
Minister of Justice,Judit Varga,Q63224253,2019-07-12,2022-05-23,female,1980-09-10,,Varga Judit 2020 wikipedia.jpg,Judit Varga (politician)
Minister of Justice and Law Enforcement,József Petrétei,Q1234150,2006-06-09,2007-05-31,male,1958-10-10,,,József Petrétei
Minister of Justice and Law Enforcement,Albert Takács,Q692624,2007-06-01,2008-02-18,male,1955-03-17,,,Albert Takács
Minister of Justice and Law Enforcement,Tibor Draskovics,Q909672,2008-02-17,2009-04-20,male,1955-06-26,,,Tibor Draskovics
Minister of Labour,Sándor Burány,Q852244,2003-03-03,2004-10-04,male,1956-08-19,,Burány Sándor.jpg,Sándor Burány
Minister of National Cultural Heritage,Zoltán Rockenbauer,Q1249701,2000-01-01,2002-05-26,male,1960-01-04,,Rockenbauer Zoltán.JPG,Zoltán Rockenbauer
Minister of National Cultural Heritage,Gábor Görgey,Q573299,2002-05-27,2003-05-18,male,1929-11-22,2022-04-11,Görgey Gábor (Stekovics).jpg,Gábor Görgey
Minister of National Cultural Heritage,András Bozóki,Q848723,2005-02-14,2006-06-08,male,1959-02-23,,Ünnepi Könyvhét 2012 - 0053.JPG,András Bozóki
Minister of National Development,Tamás Fellegi,Q374106,2010,2011,male,1956-01-07,,Fellegi Tamas Portrait.jpg,Tamás Fellegi
Minister of National Development,Miklós Seszták,Q16201211,2014-06-06,2018-05-18,male,1968-10-31,,Seszták Miklós miniszter.jpg,Miklós Seszták
Minister of National Economy,György Matolcsy,Q220286,2010-05-29,2013-03-03,male,1955-07-18,,Matolcsy-György Portrait.jpg,György Matolcsy
Minister of National Economy,Mihály Varga,Q1401791,2013-03-07,,male,1965-01-26,,Varga Mihály portréja.jpg,Mihály Varga
Minister of National Economy,Mihály Varga,Q1401791,2013-03-07,2014-06-06,male,1965-01-26,,Varga Mihály portréja.jpg,Mihály Varga
Minister of National Economy,Mihály Varga,Q1401791,2013-03-07,2018-05-18,male,1965-01-26,,Varga Mihály portréja.jpg,Mihály Varga
Minister of National Economy,Mihály Varga,Q1401791,2013-03-07,2022-05-23,male,1965-01-26,,Varga Mihály portréja.jpg,Mihály Varga
Minister of National Innovation and Technology,László Palkovics,Q1228425,2018-05-18,2022-05-24,male,1965-02-03,,László Palkovics.jpg,László Palkovics
Minister of the Prime Minister's Office,János Lázár,Q750646,2014-06-06,2018-05-17,male,1975-02-19,,Lázár János 2 cropped.jpg,János Lázár
Minister of the Prime Minister's Office,Gergely Gulyás,Q5550584,2018-05-18,,male,1981-09-21,,Gulyás Gergely.JPG,Gergely Gulyás
Minister of the Prime Minister's Office,Gergely Gulyás,Q5550584,2018-05-18,2022-05-23,male,1981-09-21,,Gulyás Gergely.JPG,Gergely Gulyás
Minister in charge of the Prime Minister's Office,István Stumpf,Q1292072,1998-07-08,2002-05-26,male,1957-08-05,,István Stumpf.jpg,István Stumpf
Minister in charge of the Prime Minister's Office,Elemér Kiss,Q5358942,2002-05-27,2003-02-21,male,1944-04-21,,,Elemér Kiss
Minister in charge of the Prime Minister's Office,György Szilvásy,Q1298408,2006-06-09,2007-06-25,male,1958-04-29,,,György Szilvásy
Minister in charge of the Prime Minister's Office,Péter Kiss,Q1111980,2007-07-01,2009-04-16,male,1959-06-11,2014-07-29,Kiss Péter 2008-09-20.JPG,Péter Kiss
Minister of Technology and Industry,László Palkovics,Q1228425,2022-05-24,,male,1965-02-03,,László Palkovics.jpg,László Palkovics
"Minister for Transport, Communications and Energy",Pál Szabó,Q1619761,2008-04-30,2008-11-30,male,1947-02-23,,,
"Minister for Transport, Communications and Energy",Csaba Molnár,Q967118,2008-12-01,2009-04-15,male,1975-12-04,,Molnár Csaba 2013-03.jpg,Csaba Molnár
"Minister for Transport, Communications and Energy",Péter Hónig,Q1057753,2009-04-16,2010-05-29,male,1952-01-11,,,
Minister of Transport and Water Management,László Nógrádi,Q20480830,2000-06-01,2000-11-30,male,1947-09-23,,,
Minister of Transport and Water Management,János Fónagy,Q264055,2000-10-01,2002-05-27,male,1942-07-11,,"Eredményváró - Bálna, 2014.04.06 (50).JPG",János Fónagy
Minister of Youth and Sports Affairs,Ferenc Gyurcsány,Q191337,2003-05-18,2004-09-27,male,1961-06-04,,Ferenc Gyurcsány-2.jpg,Ferenc Gyurcsány
Minister without portfolio for Economic Development,Márton Nagy,Q20725363,2022-05-24,,male,1976-05-09,,,
Minister Without Portfolio for Family Affairs,Katalin Novák,Q21995345,2020-10-01,2021-12-31,female,1977-09-06,,Katalin Novák in 2017 (cropped).jpg,Katalin Novák
Minister Without Portfolio for Land Development and Use of EU Funds,Tibor Navracsics,Q832221,2022-05-24,,male,1966-06-13,,Navracsics Tibor Portrait.jpg,Tibor Navracsics
Minister Without Portfolio for Managing National Wealth,Andrea Bártfai-Mager,Q53764750,2018-05-18,2022-05-24,female,1966-05-24,,Bártfai-Mager Andrea.jpg,Andrea Mager
Minister Without Portfolio for National Policy,Zsolt Semjén,Q55574,2010-05-29,2018-05-18,male,1962-08-08,,Zsolt Semjén 2019.jpg,Zsolt Semjén
Minister Without Portfolio for the Modern Cities Program,Lajos Kósa,Q1124989,2017-10-02,2018-05-18,male,1964-03-14,,Kósa Lajos.jpg,Lajos Kósa
Minister Without Portfolio for the Paks Nuclear Plant,János Süli,Q30134885,2017-05-02,2022-05-24,male,1956-01-26,,,János Süli
political director of the Prime Minister,Balázs Orbán,Q59417334,2021-08-20,,male,1986-02-13,,Balázs Orbán in 2019.jpg,Balázs Orbán (politician)
political director of the Prime Minister,Balázs Orbán,Q59417334,2021-08-20,2022-05-23,male,1986-02-13,,Balázs Orbán in 2019.jpg,Balázs Orbán (politician)
Secretary of State for Territorial Public Administration,Zoltán Kovács,Q1034272,2014-06,,male,1957-12-01,,Dr. Kovács Zoltán cropped.jpg,"Zoltán Kovács (politician, born 1957)"
Speaker of the National Assembly,János Áder,Q57467,1998-06-18,2002-05-15,male,1959-05-09,,János Áder no Brasil.jpg,János Áder
Speaker of the National Assembly,Katalin Szili,Q469578,2002-05-15,2009-09-14,female,1956-05-13,,Szili Katalin 2009-12-14.JPG,Katalin Szili
Speaker of the National Assembly,Béla Katona,Q1105579,2009-09-15,2010-05-14,male,1944-02-09,,Katona Béla 2010-02-20.JPG,Béla Katona
Speaker of the National Assembly,Pál Schmitt,Q184810,2010-05-14,2010-08-05,male,1942-05-13,,SchmittPal-2011-01 EuropaPont.jpg,Pál Schmitt
Speaker of the National Assembly,László Kövér,Q465476,2010-08-06,,male,1959-12-29,,László Kövér Senate of Poland 01.JPG,László Kövér
Speaker of the National Assembly,László Kövér,Q465476,2010-08-06,2014-05-05,male,1959-12-29,,László Kövér Senate of Poland 01.JPG,László Kövér
Speaker of the National Assembly,László Kövér,Q465476,2010-08-06,2018-05-07,male,1959-12-29,,László Kövér Senate of Poland 01.JPG,László Kövér
Speaker of the National Assembly,László Kövér,Q465476,2010-08-06,2022-05-01,male,1959-12-29,,László Kövér Senate of Poland 01.JPG,László Kövér
Chief of Staff of the Prime Minister,Antal Rogán,Q1249804,2015-10-01,,male,1972-01-29,,Rogán Antal 2009 Solymár.jpg,Antal Rogán
Chief of Staff of the Prime Minister,Antal Rogán,Q1249804,2015-10-01,2018-05-18,male,1972-01-29,,Rogán Antal 2009 Solymár.jpg,Antal Rogán
Chief of Staff of the Prime Minister,Antal Rogán,Q1249804,2015-10-01,2022-05-23,male,1972-01-29,,Rogán Antal 2009 Solymár.jpg,Antal Rogán
Chief Prosecutor,Kálmán Györgyi,Q1030490,1990-06-25,2000-05-15,male,1939-05-24,2019-02-17,,Kálmán Györgyi
Chief Prosecutor,Péter Polt,Q1238709,2000-05-16,2006-05-16,male,1955-09-06,,,Péter Polt
Chief Prosecutor,Tamás Kovács,Q7681966,2006-10-09,2010-12-13,male,1940-12-13,2020-04-26,,Tamás Kovács (jurist)
Chief Prosecutor,Péter Polt,Q1238709,2010-12-14,,male,1955-09-06,,,Péter Polt
Chief of General Staff of the Armed Forces,Ferenc Korom,Q55433626,2019-01-01,2021-05-31,male,1964-12-15,,,Ferenc Korom
Chief of General Staff of the Armed Forces,Romulusz Ruszin-Szendi,Q107171051,2021-06-03,,male,,,,
Commissioner for Fundamental Rights,Máté Szabó,Q2388147,2012,2013,male,1956-06-13,,,
Commissioner for Fundamental Rights,László Székely,Q16523083,2013-09-16,2019-09-25,male,1958-03-15,,,
Commissioner for Fundamental Rights,Kozma Ákos,Q112114402,2019-09-26,,male,1972-05-16,,,
Government Commissioner,Andrew G. Vajna,Q383528,2011-01,2019-01-20,male,1944-08-01,2019-01-20,Andy Vajna EPLUX7 (11107938725).jpg,Andrew G. Vajna
Government Commissioner,Dávid Vitézy,Q1460530,2015-02,2015-07,male,1985-12-01,,Vitézy Dávid -.jpg,
Government Commissioner,Zsolt Visy,Q227364,2016-06-01,2019-07-05,male,1944-05-23,,VisyZsolt.jpg,
Government Commissioner,János Lázár,Q750646,2018-08-15,,male,1975-02-19,,Lázár János 2 cropped.jpg,János Lázár
Government Commissioner,István Stumpf,Q1292072,2021-01-29,,male,1957-08-05,,István Stumpf.jpg,István Stumpf
Government Commissioner,István Stumpf,Q1292072,2021-01-29,2022-05-23,male,1957-08-05,,István Stumpf.jpg,István Stumpf
Governor of the National Bank,András Simor,Q1288797,2007,2013,male,1954-05-17,,Simor András a Budai Liberális Klubban - 2013.03.04.JPG,András Simor
Governor of the National Bank,György Matolcsy,Q220286,2013-03-04,,male,1955-07-18,,Matolcsy-György Portrait.jpg,György Matolcsy
Mayor of Budapest,Gábor Demszky,Q903825,1990-10-31,2010-10-03,male,1952-08-04,,Gabor-demszky-2012-roemerberggespraeche-ffm-092.jpg,Gábor Demszky
Mayor of Budapest,István Tarlós,Q923540,2010-10-03,2019-10-13,male,1948-05-26,,TarlósIstván.jpg,István Tarlós
Mayor of Budapest,Gergely Karácsony,Q1105049,2019-10-13,,male,1975-06-11,,Karácsony Gergely - portrait.jpg,Gergely Karácsony
ambassador to Albania,Sándor Mészáros,Q1213091,1999,2003,male,1948-04-11,,,
ambassador to Argentina,Ferenc Szőnyi,Q54898901,2001,2005,male,1944-03-22,2017-04-13,Szőnyi Ferenc.jpg,
ambassador to Australia,Lajos Fodor,Q1002339,2003,2007,male,1947-07-27,,Fodor Lajos 2010.jpg,Lajos Fodor
ambassador to Australia,Attila Gruber,Q4818402,2015,2018,male,1958-11-06,,,Attila Gruber
ambassador to Australia,István Mikola,Q1177081,2018,,male,1947-09-08,,Mikola István WSIS Forum 2015.jpg,István Mikola
ambassador to Austria,Sándor Peisch,Q2377893,1994,2000,male,1949-03-02,,,
ambassador to Austria,Etelka Barsi-Pataky,Q790791,2000,2003,female,1941-09-15,2018-02-04,,Etelka Barsi-Pataky
ambassador to Austria,István Horváth,Q20435636,2003,2010,male,1943-02-01,,,
ambassador to Austria,Andor Nagy,Q14922928,2018-08-25,,male,1963-02-25,,Nagy Andor.jpg,Andor Nagy
ambassador to Azerbaijan,Jeno Boroş,Q25539414,2008,2010,male,1950-11-14,,,
ambassador to Azerbaijan,Jolt Çutora,Q20559830,2010,2015,male,1964-02-04,,,
ambassador to Azerbaijan,İmre Laslotski,Q25539704,2015,2018,male,,,,
ambassador to Azerbaijan,Viktor Szederkenyi,Q55199209,2017,,male,,,,
ambassador to Belarus,Ferenc Kontra,Q5289617,2008,2012,male,1954-04-02,,,
ambassador to Belarus,Вілмош Сіклаварі,Q61115660,2012-10-05,2018-07-15,male,1954-09-25,,,
ambassador to Belarus,Jolt Çutora,Q20559830,2018-09-25,,male,1964-02-04,,,
ambassador to Belgium,László Trócsányi,Q1324589,2000,2004,male,1956-03-06,,Trócsányi László EU2016 SK.jpg,László Trócsányi
ambassador to Belgium,Tamás Iván Kovács,Q1120412,2012,2014,male,1972-02-29,,Kovács Tamás Iván.jpg,
ambassador to Belgium,Tamás Iván Kovács,Q1120412,2018,,male,1972-02-29,,Kovács Tamás Iván.jpg,
ambassador to Bosnia and Herzegovina,Kálmán Kocsis,Q19816003,1997,2002,male,1943-10-05,2012-11-02,,
ambassador to Bosnia and Herzegovina,István Varga,Q29238872,2002,2006,male,1943-03-15,,,
ambassador to Brazil,Norbert Konkoly,Q73013277,2014,2018,male,1967-12-18,,,
ambassador to Canada,Pál Vastagh,Q1402315,2006,2010,male,1946-09-23,,,Pál Vastagh
ambassador to Canada,László Pordány,Q107005667,2010,2014,male,1945-04-11,,,
ambassador to Canada,Balint Odor,Q16523963,2014-10,2020-05,male,1975-05-23,,,
ambassador to Canada,Mária Vass-Salazar,Q99220043,2020,,female,1971,,,
ambassador to Chile,Tamás Tóth,Q109469327,1997,2001,male,1956-10-14,,,
ambassador to Chile,Drexler András,Q63615638,2018,,male,1968-11-19,,,
ambassador to China,Mihály Bayer,Q12131766,1999,2004,male,1954-12-03,,,
ambassador to China,Sándor Mészáros,Q1213091,2004,2007,male,1948-04-11,,,
ambassador to China,Máté Pesti,Q66684946,2018-01,,male,,,,
ambassador to Croatia,György Csóti,Q876268,1999,2003,male,1940-11-24,,Csóti György fortepan 138511.jpg,György Csóti
ambassador to Croatia,Péter Györkös,Q23561769,2005,2009,male,1963-11-10,,2016-02-15-Peter Györkös-hart aber fair-4528.jpg,
ambassador to Cuba,János Horvát,Q1055312,2007,2010,male,1944-08-04,,Horvát János tévériporter. Fortepan 30364.jpg,
ambassador to Cuba,Drexler András,Q63615638,2013,2018,male,1968-11-19,,,
ambassador to Cyprus,János Kisfalvi,Q12173778,2002,2007,male,1942-01-16,,,
ambassador to the Czech Republic,Kristóf Forrai,Q65569373,2000,2004,male,1956,,,
ambassador to the Czech Republic,Szőke László,Q66722596,2008,2012,male,1957-07-11,,,
ambassador to the Czech Republic,Tibor Pető,Q69577629,2012,2017,male,1958-02-27,,,
ambassador to the Czech Republic,Miklós Boros,Q63859977,2017,,male,1960-10-22,,,
ambassador to Ecuador,Zsófia Vitézy,Q112237102,2021,,male,1967-02-25,,,
ambassador to Egypt,Tibor Pető,Q69577629,2003,2008,male,1958-02-27,,,
ambassador to Estonia,Béla Jávorszky,Q12814813,1999,2002,male,1940-01-14,,Jávorszky Béla.jpg,
ambassador to Estonia,Kristóf Forrai,Q65569373,2019,,male,1956,,,
ambassador to Finland,Gábor Zupkó,Q28090200,2003,2005,male,1964-07-16,,Zupkó Gábor 2016.jpg,
ambassador to Finland,Kristóf Forrai,Q65569373,2011,2016,male,1956,,,
ambassador to Finland,György Urkuti,Q63255695,2018,2021-10,male,1971-10-03,,,
ambassador to Finland,Klára Breuer,Q106731182,2021-10,,female,1962-11-16,,,
ambassador to France,László Trócsányi,Q1324589,2010,2014,male,1956-03-06,,Trócsányi László EU2016 SK.jpg,László Trócsányi
ambassador to France,György Károlyi,Q47169741,2015,2021,male,1946-11-02,,Károlyi György web.jpg,
ambassador to France,Georg of Austria,Q112096,2021,,male,1964-12-16,,Georg von Habsburg 2017-03-21 (01).jpg,Georg von Habsburg
ambassador to Georgia,Viktória Horváth,Q110763359,2017,2021-11,female,1975,,,
ambassador to Germany,Péter Balázs,Q550142,1997,2000,male,1941-12-05,,"Péter Balázs, 2009.jpg",Péter Balázs
ambassador to Germany,Gergely Prőhle,Q9267492,2000,2002,male,1965-06-26,,ProhleGergely.jpg,
ambassador to Germany,Sándor Peisch,Q2377893,2002,2010,male,1949-03-02,,,
ambassador to Germany,József Czukor,Q1715137,2010,2015,male,1958-01-28,,József Czukor.jpg,
ambassador to Germany,Péter Györkös,Q23561769,2015-11,,male,1963-11-10,,2016-02-15-Peter Györkös-hart aber fair-4528.jpg,
ambassador to Greece,Csaba Kőrösi,Q110812967,2002,2006,male,1958,,,Csaba Kőrösi
ambassador to the Holy See,Pál Tar,Q1316765,1999,2002,male,1931-12-23,,,Pál Tar
ambassador to the Holy See,Eduard Habsburg-Lothringen,Q1288562,2015,,male,1967-01-12,,,Eduard Habsburg-Lothringen
ambassador to India,András Dallos,Q107005511,1996,2000,male,1944-06-24,,,
ambassador to Indonesia,Gyorgy Busztin,Q24005973,2001,2006,male,1955-04-13,,,Gyorgy Busztin
ambassador to Indonesia,Judit Pach,Q73423023,2015,2021,female,1983,,,
ambassador to Iran,István Vásáry,Q27994233,1999,2003,male,1945-05-04,,,
ambassador to Iran,Gyorgy Busztin,Q24005973,2007,2011,male,1955-04-13,,,Gyorgy Busztin
ambassador to Ireland,István Pálffy,Q1242067,2015,2019,male,1959-11-21,,Pálffy István (crop).jpg,István Pálffy
ambassador to Ireland,Manno István,Q81564250,2019,,male,1975-04-19,,,
ambassador to Israel,János Hóvári,Q31443006,2000,2004,male,1955-05-09,,,
ambassador to Israel,Andor Nagy,Q14922928,2013,2018,male,1963-02-25,,Nagy Andor.jpg,Andor Nagy
ambassador to Israel,Levente Benkő,Q63789988,2018,,male,1976-07-10,,,
ambassador to Italy,Enikő Győri,Q250611,1999,2003,female,1968-07-17,,GyoriEniko.jpg,Enikő Győri
ambassador to Italy,Péter Paczolay,Q1227711,2015,2017,male,1956-05-20,,Paczolay Péter.JPG,
ambassador to Japan,Norbert Palanovics,Q55114476,2016,,male,1978-12,,,
ambassador to Kuwait,János Hóvári,Q31443006,2008,2010,male,1955-05-09,,,
ambassador to Kuwait,Mihály Bayer,Q12131766,2014,2018,male,1954-12-03,,,
ambassador to Kuwait,Eszter Torda,Q112237590,2022,,female,,,,
ambassador to Kyrgyzstan,Sándor Dorogi,Q909174,2020-09,,male,1959-12-31,,,
ambassador to Latvia,Béla Jávorszky,Q12814813,1999,2002,male,1940-01-14,,Jávorszky Béla.jpg,
ambassador to Latvia,Ferenc Bányai,Q66317230,2018-01-12,,male,,,,
ambassador to Malaysia,Tamás Tóth,Q109469327,2004,,male,1956-10-14,,,
ambassador to Malaysia,Petra Ponevács-Pana,Q110952703,2020,,female,1981-06-07,,,
ambassador to Moldova,Mihály Bayer,Q12131766,2007,2008,male,1954-12-03,,,
ambassador to Moldova,Mátyás Szilágyi,Q61115511,2012,2016,male,1964,,,
ambassador to the Netherlands,András Gergely,Q25467630,1999,2002,male,1946-05-23,2021-05-03,"Ambassador András Gergely, 2002-01-16.jpg",András Gergely (historian)
ambassador to the Netherlands,Gábor Szentiványi,Q96851261,2004,2007,male,1952-10-09,,,
ambassador to the Netherlands,András Kocsis,Q26877296,2016,,male,1978-10-12,,"Mr András Kocsis, Ambassador of Hungary to the Netherlands.jpg",András Kocsis
ambassador to Norway,Géza Jeszenszky,Q837814,2011,2014,male,1941-11-10,,Jeszenszky Géza.JPG,Géza Jeszenszky
ambassador to Pakistan,Béla Fazekas,Q105672051,2005,2008,male,1959,,,
ambassador to Peru,Gábor Kaleta,Q97190722,2017,2019,male,,,,
ambassador to Peru,Katalin Tóth,Q81566176,2019,2020,female,1967-12-12,,,
ambassador to the Philippines,József Bencze,Q792666,2016,2020,male,1954-03-23,,,
ambassador to the Philippines,Titanilla Tóth,Q108806692,2020,,female,,,,
ambassador to Poland,Iván Bába,Q852499,1998-11-12,2000,male,1950-06-25,,"Eredményváró - Bálna, 2014.04.06 (18).JPG",
ambassador to Poland,Tamás Katona,Q1105621,2000,2002,male,1932-02-02,2013-06-28,KatonaTamás.JPG,Tamás Katona
ambassador to Poland,Mihály Győr,Q109481273,2002,2007,male,1950-09-17,,,
ambassador to Poland,Róbert Kiss,Q109482037,2007,2012,male,1959,2013-03-01,,
ambassador to Poland,Orsolya Zsuzsanna Kovács,Q62068840,2017-02-08,,female,1981-01-18,,Jarosław Kaczyński i Viktor Orbán w Sejmie z marszałkami.jpg,
ambassador to Portugal,Gecse Attila,Q60921708,2005,2010,male,1949-08-06,,,
ambassador to Portugal,Norbert Konkoly,Q73013277,2010,2014,male,1967-12-18,,,
ambassador to Portugal,Klára Breuer,Q106731182,2014,2019,female,1962-11-16,,,
ambassador to Romania,István Íjgyártó,Q4198946,2000,2004,male,1963-12-26,,ТОДА - Зустріч з Надзвичайним та Повноважним Послом Угорщини в Україні 2019-02-06 - 2.jpg,
ambassador to Russia,Ernő Keskeny,Q20066994,1998,2002,male,1958-05-15,,Ernő Keskeny 2015-05-20.jpg,
ambassador to Russia,Ferenc Kontra,Q5289617,2002,2005,male,1954-04-02,,,
ambassador to Russia,Árpád Székely,Q8076988,2005,2008,male,,,,Árpád Székely
ambassador to Russia,György Gilyán,Q5625653,2008,2010,male,1951-10-04,,Dmitry Medvedev with György Gilyán.jpg,György Gilyán
ambassador to Russia,István Íjgyártó,Q4198946,2010,2014,male,1963-12-26,,ТОДА - Зустріч з Надзвичайним та Повноважним Послом Угорщини в Україні 2019-02-06 - 2.jpg,
ambassador to Russia,Norbert Konkoly,Q73013277,2018,,male,1967-12-18,,,
ambassador to Serbia,Attila Pintér,Q65048334,2014,,male,,,,
ambassador to Singapore,György Nanovfszky,Q1215400,2001,2005,male,1942-04-10,2021-08-10,"Budapest, Nanovfszky György a Magyar Köztársaság nagykövete.jpg",
ambassador to Singapore,Judit Pach,Q73423023,2021,,female,1983,,,
ambassador to Slovakia,Miklós Boros,Q63859977,1999,2002,male,1960-10-22,,,
ambassador to Slovakia,Csaba Balogh,Q109493689,2011,2014,male,1968-06-02,,,
ambassador to Slovakia,Tibor Pető,Q69577629,2018,,male,1958-02-27,,,
ambassador to Slovenia,József Czukor,Q1715137,2005,2009,male,1958-01-28,,József Czukor.jpg,
ambassador to Slovenia,István Szent-Iványi,Q733872,2010-01-25,2015-01-31,male,1958-11-12,,Szent-Iványi István.jpg,István Szent-Iványi
ambassador to South Africa,László Pordány,Q107005667,1999,2003,male,1945-04-11,,,
ambassador to South Africa,András Dallos,Q107005511,2003,2006,male,1944-06-24,,,
ambassador to Spain,Enikő Győri,Q250611,2010,2019-06-30,female,1968-07-17,,GyoriEniko.jpg,Enikő Győri
ambassador to Spain,László Odrobina,Q70401745,2019-06-14,2020-08-10,male,1973-09-02,,,
ambassador to Sweden,Szőke László,Q66722596,2000,2005,male,1957-07-11,,,
ambassador to Sweden,Gábor Szentiványi,Q96851261,2009,2013,male,1952-10-09,,,
ambassador to Switzerland,Pál Schmitt,Q184810,1998,2002,male,1942-05-13,,SchmittPal-2011-01 EuropaPont.jpg,Pál Schmitt
ambassador to Switzerland,Gergely Prőhle,Q9267492,2003,2005,male,1965-06-26,,ProhleGergely.jpg,
ambassador to Switzerland,Jeno Boroş,Q25539414,2005,2008,male,1950-11-14,,,
ambassador to Switzerland,József Czukor,Q1715137,2021,,male,1958-01-28,,József Czukor.jpg,
ambassador to Turkey,Ferenc Végh,Q21084044,2000,2001,male,1948-12-10,,,
ambassador to Turkey,János Hóvári,Q31443006,2012,2014,male,1955-05-09,,,
ambassador to Turkey,Mátis Viktor,Q67636491,2019,,male,1984,,,
ambassador to Ukraine,János Kisfalvi,Q12173778,1997,2001,male,1942-01-16,,,
ambassador to Ukraine,Ferenc Kontra,Q5289617,2001,2002,male,1954-04-02,,,
ambassador to Ukraine,János Tóth,Q29054294,2003,2007,male,1945-05-18,2017-03-21,,
ambassador to Ukraine,András Bársony,Q12078237,2008,2010,male,1946-07-23,,,
ambassador to Ukraine,Mihály Bayer,Q12131766,2010,2014,male,1954-12-03,,,
ambassador to Ukraine,Ernő Keskeny,Q20066994,2014-10-03,2018,male,1958-05-15,,Ernő Keskeny 2015-05-20.jpg,
ambassador to Ukraine,István Íjgyártó,Q4198946,2018,,male,1963-12-26,,ТОДА - Зустріч з Надзвичайним та Повноважним Послом Угорщини в Україні 2019-02-06 - 2.jpg,
ambassador to United Kingdom,Gábor Szentiványi,Q96851261,1997,2002,male,1952-10-09,,,
ambassador to United Kingdom,János Csák,Q56392311,2011,2014,male,1962-10-15,,Csák János (3).jpg,János Csák
ambassador to United Kingdom,Kristóf Szalay-Bobrovniczky,Q66813321,2016,2020,male,1970-06-06,,,Kristóf Szalay-Bobrovniczky
ambassador to United Kingdom,Ferenc Kumin,Q1121834,2020,,male,1975-06-19,,KuminFerenc.jpg,
ambassador to the United States,Géza Jeszenszky,Q837814,1998,2000,male,1941-11-10,,Jeszenszky Géza.JPG,Géza Jeszenszky
ambassador to the United States,András Simonyi,Q4759791,2002,2007,male,1952-05-16,,Simonyi András 2007-04.jpg,András Simonyi
ambassador to the United States,Ferenc Somogyi,Q719381,2007,2009,male,1945-09-01,,Somogyi USA.jpg,Ferenc Somogyi
ambassador to the United States,Béla Szombati,Q5005031,2009,2009,male,1955-07-16,,Ros-Lehtinen Hungarian-delegation.jpg,Béla Szombati
ambassador to the United States,György Szapáry,Q1294808,2011,2015,male,1938-08-01,,Szapáry György 2012.png,György Szapáry
ambassador to the United States,Réka Szemerkényi,Q21013115,2015,2017,female,1966-10-25,,"Réka Szemerkényi in 2018, v1.jpg",Réka Szemerkényi
ambassador to the United States,László Szabó,Q41787926,2017-07-28,2020,male,1965,,DOORSTEP 2016-09-23 (29871086825).jpg,László Szabó (diplomat)
ambassador to the United States,Szabolcs Ferenc Takács,Q105076412,2020-10,,male,1971-04-01,,,
ambassador to Vietnam,Eszter Torda,Q112237590,2013,2015,female,,,,
ambassador to Vietnam,Csaba Őry,Q840231,2015,,male,1952-05-12,,Őry Csaba.jpg,Csaba Őry
ambassador to Yugoslavia,János Tóth,Q29054294,1996,2000,male,1945-05-18,2017-03-21,,
Permanent Representative to the United Nations,André Erdős,Q94410378,1997,2002,male,1941-05-18,,,
Permanent Representative to the United Nations,Molnár László,Q110814561,2002,2005,male,1958,,,
Permanent Representative to the United Nations,Gábor Bródi,Q110812218,2005,2009-10-05,male,1953-08-05,,,
Permanent Representative to the United Nations,Márta Horváthné Fekszi,Q1055680,2009-10-05,2010-08-19,female,1954-02-11,,,
Permanent Representative to the United Nations,Csaba Kőrösi,Q110812967,2010-08-19,2015,male,1958,,,Csaba Kőrösi
Permanent Representative to the United Nations,Katalin Bogyay,Q124189,2015-01-01,2020,female,1956-08-20,,Bogyay.png,Katalin Bogyay
Permanent Representative to the United Nations,Zsuzsanna Horváth,Q110915195,2021,,female,,,,
Permanent Representative to the United Nations at Vienna,Miklós Boros,Q63859977,2011,2017,male,1960-10-22,,,
Permanent Representative to the United Nations at Geneva,Rudolf Joó,Q32904723,2000,2001,male,1946-11-28,2002-01-28,,
Permanent Representative of Hungary to the OECD,Béla Kádár,Q1122714,1999,2003,male,1934-03-21,,Kádár Béla.JPG,
Permanent Representative of Hungary to the OECD,István Mikola,Q1177081,2011,2014,male,1947-09-08,,Mikola István WSIS Forum 2015.jpg,István Mikola
Permanent Representative of Hungary to the OECD,Zoltán Cséfalvay,Q875621,2014,2018,male,1958-03-27,,,Zoltán Cséfalvay
